,County,NAME,18-24-00num,18-24-00per,25-34-00num,25-34-00per,18-24-10num,18-24-10per,25-34-10num,25-34-10per,‚ÄùPopulation aged 18-24, number," 2006-2010 5-yr est""","Population aged 18-24, percent, 2006-2010 5-yr est","Population aged 18-24, percent, 2006-2010 5-yr est, Margin of Error","Population aged 25-34, number, 2006-2010 5-yr est","Population aged 25-34, percent, 2006-2010 5-yr est","Population aged 25-34, percent, 2006-2010 5-yr est, Margin of Error",Unnamed: 18,total00,total10
0,Cuyahoga,1011.01,222.0,10.03,537.0,24.27,172,9.65,241,13.52,169,9.8,11.2,329,19.07,9.19,,,,759.0,413
1,Cuyahoga,1011.02,447.0,10.03,1309.0,29.37,379,8.98,1023,24.24,414,9.35,3.58,944,21.31,6.01,,,,1756.0,1402
2,Cuyahoga,1012.0,269.0,8.98,417.0,13.92,271,10.58,379,14.79,339,12.03,5.61,495,17.57,3.82,,,,686.0,650
3,Cuyahoga,1013.0,173.0,9.1,383.0,20.15,190,11.66,277,17,216,12.83,8.87,354,21.03,8.89,,,,556.0,467
4,Cuyahoga,1014.0,212.0,9.36,404.0,17.84,230,10.48,394,17.95,115,5.32,6.47,475,21.98,7.62,,,,616.0,624
5,Cuyahoga,1015.01,283.0,11.1,437.0,17.14,251,11.44,315,14.36,50,2.22,7.63,406,17.99,6.55,,,,720.0,566
6,Cuyahoga,1016.03,305.0,9.86,521.0,16.85,276,11.17,353,14.29,215,10.66,8.9,186,9.23,4.35,,,,826.0,629
7,Cuyahoga,1017.0,280.0,9.8,450.0,15.76,362,13.15,407,14.79,228,9.43,8.18,292,12.08,4.79,,,,730.0,769
8,Cuyahoga,1018.0,341.0,9.9,486.0,14.12,282,9.59,381,12.95,229,7.96,2.95,382,13.28,3.64,,,,827.0,663
9,Cuyahoga,1019.01,229.0,10.91,338.0,16.1,177,10.46,232,13.71,205,15.98,16.33,140,10.91,6.4,,,,567.0,409
10,Cuyahoga,1021.01,338.0,10.04,603.0,17.92,336,10.66,447,14.18,281,9.42,3.77,364,12.21,4.29,,,,941.0,783
11,Cuyahoga,1021.02,242.0,9.25,430.0,16.43,232,9.24,366,14.57,173,6.71,7.09,246,9.54,4.15,,,,672.0,598
12,Cuyahoga,1022.0,263.0,9.29,448.0,15.82,264,9.6,401,14.58,118,4.56,5.19,408,15.77,5.23,,,,711.0,665
13,Cuyahoga,1023.0,239.0,9.65,414.0,16.71,247,10.82,312,13.67,378,14.95,7.45,196,7.75,3.92,,,,653.0,559
14,Cuyahoga,1024.01,220.0,9.29,387.0,16.35,219,10.36,299,14.14,324,15.09,10.61,240,11.18,4.68,,,,607.0,518
15,Cuyahoga,1024.02,356.0,9.61,610.0,16.47,394,12.12,451,13.88,382,11.7,3.27,387,11.85,4.88,,,,966.0,845
16,Cuyahoga,1027.0,587.0,10.79,828.0,15.21,610,13.4,630,13.84,660,14.37,4.79,528,11.5,3.45,,,,1415.0,1240
17,Cuyahoga,1028.0,293.0,10.55,445.0,16.02,261,12.74,248,12.11,197,9.22,8.68,330,15.44,6.19,,,,738.0,509
18,Cuyahoga,1029.0,244.0,10.31,344.0,14.54,227,11.58,246,12.54,109,5.71,9.36,348,18.24,5.53,,,,588.0,473
19,Cuyahoga,1031.0,100.0,8.47,215.0,18.22,112,10.63,195,18.5,140,11.8,15.45,134,11.3,5.28,,,,315.0,307
20,Cuyahoga,1033.0,141.0,11.88,170.0,14.32,244,10.98,589,26.51,120,8.18,12.6,419,28.56,8.74,,,,311.0,833
21,Cuyahoga,1034.0,332.0,9.71,576.0,16.85,285,10.29,452,16.32,206,7.22,6.61,295,10.34,3.58,,,,908.0,737
22,Cuyahoga,1035.0,288.0,10.93,492.0,18.68,212,10.7,436,22.01,147,5.89,5.57,449,18,4.7,,,,780.0,648
23,Cuyahoga,1036.02,248.0,7.38,631.0,18.78,242,7.44,643,19.76,305,9.83,4.93,521,16.79,4.95,,,,879.0,885
24,Cuyahoga,1038.0,249.0,9.56,404.0,15.51,226,11.34,314,15.76,225,10.4,9.09,307,14.19,4.28,,,,653.0,540
25,Cuyahoga,1039.0,263.0,10.19,365.0,14.15,234,11.46,333,16.31,229,11.29,8.29,356,17.55,5.74,,,,628.0,567
26,Cuyahoga,1041.0,140.0,9.72,221.0,15.34,102,9.32,172,15.71,42,3.84,15.65,253,23.15,7.41,,,,361.0,274
27,Cuyahoga,1042.0,126.0,9.29,281.0,20.72,107,9.36,370,32.37,47,5.04,18.43,266,28.54,7.96,,,,407.0,477
28,Cuyahoga,1043.0,173.0,9.68,388.0,21.7,154,9.61,573,35.75,366,19.9,9.57,421,22.89,5.87,,,,561.0,727
29,Cuyahoga,1044.0,144.0,8.91,269.0,16.64,135,9.01,341,22.76,69,4.93,12.58,178,12.71,10.52,,,,413.0,476
30,Cuyahoga,1046.0,173.0,12.73,192.0,14.13,135,11.34,174,14.62,200,16.34,10.84,236,19.28,6.82,,,,365.0,309
31,Cuyahoga,1048.0,262.0,10.95,379.0,15.84,236,11.11,272,12.81,198,9.09,6.47,298,13.68,5.47,,,,641.0,508
32,Cuyahoga,1049.0,317.0,9.78,512.0,15.8,287,11.51,360,14.44,198,8.58,8.12,311,13.47,4.92,,,,829.0,647
33,Cuyahoga,1051.0,404.0,9.36,639.0,14.8,495,13.06,439,11.58,300,8.77,4.99,337,9.86,3.8,,,,1043.0,934
34,Cuyahoga,1053.0,381.0,10.52,544.0,15.03,375,10.92,502,14.62,327,8.88,4.55,622,16.9,4.43,,,,925.0,877
35,Cuyahoga,1054.0,391.0,9.86,637.0,16.06,397,10.89,513,14.07,499,12.3,3.55,451,11.12,3.55,,,,1028.0,910
36,Cuyahoga,1055.0,208.0,9.54,377.0,17.29,221,11.92,234,12.62,140,8.64,8.63,220,13.57,5.15,,,,585.0,455
37,Cuyahoga,1056.02,231.0,8.88,392.0,15.08,220,10.17,286,13.22,343,16.44,9.03,254,12.18,4.35,,,,623.0,506
38,Cuyahoga,1057.0,297.0,6.55,797.0,17.57,321,7.71,535,12.85,261,5.91,4.89,468,10.59,4.44,,,,1094.0,856
39,Cuyahoga,1059.0,206.0,6.55,526.0,16.73,208,7.01,400,13.48,366,11.38,5.03,351,10.91,2.93,,,,732.0,608
40,Cuyahoga,1061.0,281.0,7.67,650.0,17.74,278,7.94,462,13.19,128,3.6,5.14,609,17.11,4.53,,,,931.0,740
41,Cuyahoga,1062.0,264.0,6.85,760.0,19.72,317,8.65,538,14.69,259,8.05,5.99,390,12.12,3.82,,,,1024.0,855
42,Cuyahoga,1063.0,265.0,8.99,614.0,20.83,269,9.73,413,14.94,445,11.68,5,487,12.79,3.82,,,,879.0,682
43,Cuyahoga,1064.0,110.0,9.11,243.0,20.12,128,11.48,168,15.07,115,11.77,18.07,184,18.83,6.77,,,,353.0,296
44,Cuyahoga,1065.0,203.0,7.86,460.0,17.82,204,8.1,366,14.52,167,6.74,7.51,409,16.52,5.03,,,,663.0,570
45,Cuyahoga,1066.0,265.0,7.69,647.0,18.79,312,9.68,505,15.67,167,5.49,6.16,468,15.38,4.05,,,,912.0,817
46,Cuyahoga,1068.0,302.0,9.57,587.0,18.6,324,11.01,437,14.85,215,6.07,5.28,570,16.09,1.68,,,,889.0,761
47,Cuyahoga,1069.0,278.0,7.32,685.0,18.04,263,7.51,471,13.45,258,7.19,5.55,426,11.87,3.67,,,,963.0,734
48,Cuyahoga,1070.0,122.0,6.65,297.0,16.19,105,6.38,203,12.33,64,4.17,11.42,215,14,4.84,,,,419.0,308
49,Cuyahoga,1071.01,773.0,26.45,1086.0,37.17,883,21.06,1617,38.56,933,25.97,5.42,1424,39.64,5.93,,,,1859.0,2500
50,Cuyahoga,1077.01,550.0,44.53,301.0,24.37,574,29.53,668,34.36,617,40.67,6.81,498,32.83,7.04,,,,851.0,1242
51,Cuyahoga,1078.02,208.0,9.65,395.0,18.33,940,28.19,827,24.81,496,21.4,9.91,729,31.45,8.41,,,,603.0,1767
52,Cuyahoga,1082.01,109.0,8.18,162.0,12.15,135,9.97,189,13.96,63,5.11,14.59,160,12.97,6.92,,,,271.0,324
53,Cuyahoga,1083.01,234.0,12.86,439.0,24.12,191,11.6,261,15.85,96,6.51,12.33,269,18.25,7.44,,,,673.0,452
54,Cuyahoga,1084.0,148.0,10.37,188.0,13.17,137,11.08,146,11.8,235,16.14,9.82,204,14.01,8.09,,,,336.0,283
55,Cuyahoga,1087.01,446.0,13.25,413.0,12.27,591,13.45,697,15.87,492,11.55,4.35,607,14.25,4.07,,,,859.0,1288
56,Cuyahoga,1093.01,100.0,6.05,184.0,11.14,152,8.12,180,9.61,106,7.86,13.71,105,7.79,4.65,,,,284.0,332
57,Cuyahoga,1097.01,545.0,19.42,502.0,17.89,443,20.03,354,16,480,18.66,8.58,367,14.26,2.9,,,,1047.0,797
58,Cuyahoga,1098.01,180.0,9.96,243.0,13.45,221,11.73,286,15.18,118,6.38,9.63,266,14.38,7.48,,,,423.0,507
59,Cuyahoga,1105.01,122.0,8.78,166.0,11.95,71,8.34,108,12.69,114,11.68,18.52,121,12.4,13.64,,,,288.0,179
60,Cuyahoga,1108.01,220.45,9.91,306.67,13.79,139,10.51,180,13.61,74,6.7,15.9,101,9.15,4.94,,,,527.12,319
61,Cuyahoga,1109.01,341.0,8.46,624.99,15.5,318,10.25,390,12.57,182,6.16,6.38,428,14.49,4.86,,,,965.99,708
62,Cuyahoga,1112.02,190.0,8.55,304.0,13.68,228,15.79,131,9.07,196,13.53,11.15,126,8.7,9.78,,,,494.0,359
63,Cuyahoga,1114.01,194.0,9.92,259.0,13.25,182,14.53,120,9.58,152,10.32,12.73,139,9.44,9.42,,,,453.0,302
64,Cuyahoga,1115.0,201.0,10.55,282.0,14.8,147,12.47,132,11.2,150,11.97,15.37,168,13.41,12.47,,,,483.0,279
65,Cuyahoga,1116.0,185.0,9.16,290.0,14.36,131,11.59,146,12.92,161,10.29,12.22,251,16.05,6,,,,475.0,277
66,Cuyahoga,1117.0,258.0,9.74,351.0,13.25,175,12.46,170,12.11,181,11.98,12.56,178,11.78,4.89,,,,609.0,345
67,Cuyahoga,1118.0,132.0,9.51,161.0,11.6,85,9.68,95,10.82,125,11.01,16.09,114,10.04,12.13,,,,293.0,180
68,Cuyahoga,1119.02,106.0,7.86,148.0,10.97,96,11.41,84,9.99,173,15.07,16.11,152,13.24,15.55,,,,254.0,180
69,Cuyahoga,1121.0,133.0,6.16,232.0,10.75,141,8,133,7.55,186,8.05,7.65,71,3.07,2.33,,,,365.0,274
70,Cuyahoga,1122.0,160.0,8.19,198.0,10.13,129,9.62,137,10.22,92,4.86,9.63,204,10.77,5.55,,,,358.0,266
71,Cuyahoga,1123.01,110.0,7.85,138.0,9.84,136,9.53,223,15.63,83,5.83,12.61,262,18.41,7.62,,,,248.0,359
72,Cuyahoga,1124.0,133.0,7.54,219.0,12.41,100,8.41,108,9.08,114,10.27,16.17,52,4.68,11.58,,,,352.0,208
73,Cuyahoga,1125.0,124.0,8.15,173.0,11.37,104,8.16,96,7.54,175,11.39,4.48,196,12.76,4.68,,,,297.0,200
74,Cuyahoga,1126.0,146.0,9.46,176.0,11.41,107,10.21,118,11.26,31,4.5,24.76,12,1.74,24.57,,,,322.0,225
75,Cuyahoga,1128.0,74.0,6.09,120.0,9.87,113,11.13,103,10.15,74,6.15,14.7,41,3.41,14.29,,,,194.0,216
76,Cuyahoga,1131.01,55.0,3.7,86.0,5.79,65,6.8,51,5.33,154,11.86,14.06,35,2.69,13.17,,,,141.0,116
77,Cuyahoga,1135.0,174.0,8.85,211.0,10.73,121,9.91,102,8.35,182,12.72,12.85,133,9.29,5.37,,,,385.0,223
78,Cuyahoga,1136.0,126.0,8.47,143.0,9.62,119,10.75,106,9.58,63,6.8,19.43,72,7.78,18.64,,,,269.0,225
79,Cuyahoga,1138.01,155.0,8.56,175.0,9.67,183,9.11,217,10.8,140,13.07,16.64,40,3.73,16.38,,,,330.0,400
80,Cuyahoga,1141.0,160.0,11.63,163.0,11.85,127,11.33,109,9.72,197,14.53,11.07,182,13.42,5.48,,,,323.0,236
81,Cuyahoga,1143.0,239.0,13.12,232.0,12.73,278,14.43,291,15.1,171,8.98,10.11,239,12.55,7.85,,,,471.0,569
82,Cuyahoga,1145.01,217.0,8.81,291.0,11.81,113,8.25,188,13.73,144,7.33,9.54,383,19.49,9.41,,,,508.0,301
83,Cuyahoga,1146.0,192.0,9.33,322.0,15.65,148,11.53,173,13.47,126,13.28,19.21,174,18.34,7.59,,,,514.0,321
84,Cuyahoga,1147.0,125.0,11.35,131.0,11.9,22,9.17,28,11.67,0,0,31.65,53,14.1,47.09,,,,256.0,50
85,Cuyahoga,1149.0,333.0,9.52,479.0,13.69,287,13.05,299,13.6,149,7.74,10.62,227,11.8,5.7,,,,812.0,586
86,Cuyahoga,1151.0,156.0,8.15,342.0,17.87,151,11.34,170,12.77,254,16.14,9.57,194,12.33,5.4,,,,498.0,321
87,Cuyahoga,1152.0,118.0,9.37,201.0,15.97,105,11.05,120,12.63,63,9.74,28.08,41,6.34,18.91,,,,319.0,225
88,Cuyahoga,1153.0,208.0,11.16,254.0,13.63,95,10.14,148,15.8,29,2.17,12.87,266,19.87,6.29,,,,462.0,243
89,Cuyahoga,1154.0,252.0,9.42,371.0,13.87,214,9.41,328,14.42,175,7.32,6.24,376,15.73,6.82,,,,623.0,542
90,Cuyahoga,1157.0,141.0,8.73,286.0,17.71,132,9.32,189,13.35,11,1.03,15.79,230,21.48,8.07,,,,427.0,321
91,Cuyahoga,1158.0,392.0,8.62,772.0,16.98,354,10.97,423,13.11,413,10.39,4.21,712,17.91,4.54,,,,1164.0,777
92,Cuyahoga,1159.0,335.09,8.43,647.17,16.27,304,8.28,485,13.21,399,11.01,3.46,463,12.78,4.16,,,,982.26,789
93,Cuyahoga,1161.0,127.0,10.32,144.0,11.7,114,11.95,99,10.38,184,17.1,17.57,37,3.44,16.11,,,,271.0,213
94,Cuyahoga,1162.0,148.0,9.3,168.0,10.56,125,10.91,108,9.42,98,7.17,12.99,126,9.22,10.02,,,,316.0,233
95,Cuyahoga,1163.0,195.0,7.95,292.0,11.91,146,8.61,194,11.45,123,7.12,10.74,131,7.58,5.73,,,,487.0,340
96,Cuyahoga,1164.0,334.0,8.21,437.0,10.74,281,9.4,323,10.8,408,11.62,3.73,397,11.31,4.27,,,,771.0,604
97,Cuyahoga,1165.0,331.0,8.47,451.0,11.53,286,11.03,274,10.57,126,4.9,7.68,180,7,3.81,,,,782.0,560
98,Cuyahoga,1166.0,413.0,9.81,499.0,11.86,256,9.74,274,10.42,273,10.04,6.24,248,9.12,5.63,,,,912.0,530
99,Cuyahoga,1167.0,176.0,7.36,287.0,12.01,202,11.83,149,8.72,143,8.71,11.63,187,11.39,5.76,,,,463.0,351
100,Cuyahoga,1168.0,340.0,8.49,510.0,12.74,287,10.22,346,12.32,354,12.59,7.78,321,11.42,4.21,,,,850.0,633
101,Cuyahoga,1169.0,256.0,9.55,356.0,13.27,153,9.6,193,12.12,71,4.51,11.3,94,5.98,8.37,,,,612.0,346
102,Cuyahoga,1171.01,268.0,8,512.0,15.29,241,9.98,277,11.47,203,8.38,8,356,14.7,5.49,,,,780.0,518
103,Cuyahoga,1171.02,187.0,10.19,250.0,13.62,118,9.73,140,11.54,245,16.47,11.12,141,9.48,9.77,,,,437.0,258
104,Cuyahoga,1172.01,177.0,4.74,351.0,9.4,193,5.76,220,6.56,166,4.97,6.07,281,8.42,4.08,,,,528.0,413
105,Cuyahoga,1172.02,185.0,7.99,416.0,17.98,202,11,224,12.19,320,15.94,5.2,240,11.96,4.74,,,,601.0,426
106,Cuyahoga,1173.0,318.0,8.89,467.0,13.05,399,15.47,247,9.57,603,18.43,5.67,232,7.09,3.64,,,,785.0,646
107,Cuyahoga,1174.0,197.0,9.44,333.0,15.96,165,10.67,199,12.87,141,9.73,13.15,155,10.7,5.97,,,,530.0,364
108,Cuyahoga,1175.0,299.0,8.42,616.0,17.34,292,10.58,409,14.81,308,12.22,6.81,220,8.73,3.67,,,,915.0,701
109,Cuyahoga,1176.0,217.0,6.47,633.0,18.87,256,8.41,335,11.01,352,9.53,4.95,480,13,4.19,,,,850.0,591
110,Cuyahoga,1177.0,329.0,6.28,900.0,17.17,342,6.98,523,10.68,287,5.87,4.53,657,13.44,3.81,,,,1229.0,865
111,Cuyahoga,1178.0,176.0,7.06,380.0,15.24,213,10.29,222,10.73,202,8.36,8.26,321,13.29,6.74,,,,556.0,435
112,Cuyahoga,1179.0,302.0,8.7,470.0,13.53,247,9.72,347,13.66,213,7.97,5.82,246,9.2,3.67,,,,772.0,594
113,Cuyahoga,1181.01,229.0,8.33,263.0,9.56,206,9.88,216,10.35,143,7.26,9.6,194,9.84,4.64,,,,492.0,422
114,Cuyahoga,1182.0,254.0,8.34,356.0,11.69,231,10.99,213,10.14,307,13.47,6.87,179,7.85,3.38,,,,610.0,444
115,Cuyahoga,1183.01,331.0,8.64,420.0,10.96,300,12.07,275,11.06,341,10.99,4.27,396,12.77,4.42,,,,751.0,575
116,Cuyahoga,1184.0,251.0,9.41,289.0,10.83,147,8.3,187,10.55,298,15.1,5.53,133,6.74,7.22,,,,540.0,334
117,Cuyahoga,1185.0,175.0,10.2,205.0,11.95,104,10.46,119,11.97,122,14.14,21.79,44,5.1,14.63,,,,380.0,223
118,Cuyahoga,1186.02,184.0,7.58,273.0,11.25,184,9.09,236,11.66,344,12.95,6.57,336,12.65,4.66,,,,457.0,420
119,Cuyahoga,1187.0,449.0,21.58,234.0,11.24,2645,71.89,221,6.01,2041,54.85,17.37,230,6.18,3.41,,,,683.0,2866
120,Cuyahoga,1188.0,992.0,27.99,1100.0,31.04,1235,40.08,794,25.77,843,29.53,9.03,1066,37.34,4.24,,,,2092.0,2029
121,Cuyahoga,1189.0,182.0,10.65,210.0,12.29,163,11.77,221,15.96,75,6.72,15.73,117,10.48,6.78,,,,392.0,384
122,Cuyahoga,1191.0,2274.0,87.33,90.0,3.46,28,22.05,42,33.07,0,0,104.39,27,23.68,149.17,,,,2364.0,70
123,Cuyahoga,1192.02,48.0,3.87,102.0,8.23,36,3.53,64,6.28,0,0,10.28,204,17.62,17.1,,,,150.0,100
124,Cuyahoga,1193.0,525.0,11.52,620.0,13.6,442,12.37,454,12.71,325,7.81,5.31,413,9.93,4.07,,,,1145.0,896
125,Cuyahoga,1194.01,211.0,8.2,459.0,17.83,171,8.02,373,17.49,182,8.14,8.63,311,13.91,5.44,,,,670.0,544
126,Cuyahoga,1194.02,233.0,9.19,366.0,14.44,201,11.32,217,12.22,209,10.31,10.07,192,9.47,7.35,,,,599.0,418
127,Cuyahoga,1195.01,237.0,8.11,580.0,19.86,228,8.99,396,15.62,274,8.64,5.14,458,14.44,3.98,,,,817.0,624
128,Cuyahoga,1195.02,210.0,9.45,443.0,19.94,190,10.72,232,13.09,201,10.13,9.94,259,13.05,8.38,,,,653.0,422
129,Cuyahoga,1196.0,331.0,9.2,494.0,13.74,258,9.48,300,11.03,276,10.93,6.61,169,6.69,5.85,,,,825.0,558
130,Cuyahoga,1197.01,200.0,8.01,344.0,13.78,187,9.23,178,8.79,66,3.75,10.06,153,8.69,4.27,,,,544.0,365
131,Cuyahoga,1197.02,298.0,8.99,493.0,14.87,234,10.51,269,12.08,381,14,4.61,394,14.47,4.75,,,,791.0,503
132,Cuyahoga,1198.0,435.0,8.52,651.0,12.75,392,11.51,353,10.36,431,11.05,3.78,302,7.75,3.72,,,,1086.0,745
133,Cuyahoga,1199.0,265.0,9,396.0,13.45,237,10.45,261,11.51,280,12.04,8.73,297,12.77,4.77,,,,661.0,498
134,Cuyahoga,1202.0,301.0,8.8,483.0,14.12,214,9.32,257,11.19,504,17.81,6.93,287,10.14,3.5,,,,784.0,471
135,Cuyahoga,1204.0,343.0,8.92,448.0,11.65,242,9.9,259,10.6,153,5.86,5.41,234,8.97,3.83,,,,791.0,501
136,Cuyahoga,1205.0,306.0,9.22,372.0,11.21,238,9.99,258,10.83,223,9.58,8.97,367,15.76,4.61,,,,678.0,496
137,Cuyahoga,1206.0,387.0,8.83,579.0,13.21,286,9.89,328,11.34,364,10.96,3.94,308,9.28,3.23,,,,966.0,614
138,Cuyahoga,1207.01,213.0,8.95,267.0,11.21,179,10.86,176,10.67,189,11.02,11.38,155,9.04,9.21,,,,480.0,355
139,Cuyahoga,1207.02,183.0,7.15,264.0,10.32,213,10.49,184,9.06,201,9.14,6.57,133,6.05,3.56,,,,447.0,397
140,Cuyahoga,1208.01,237.73,8.63,352.72,12.81,195,8.51,228,9.95,184,8.56,8.68,178,8.28,7.01,,,,590.45,423
141,Cuyahoga,1208.02,292.0,9.52,375.0,12.22,267,12.14,232,10.55,332,13.11,6.77,297,11.73,4.29,,,,667.0,499
142,Cuyahoga,1211.0,212.0,6.95,361.0,11.83,243,10.63,211,9.23,275,11.57,8.9,125,5.26,5.98,,,,573.0,454
143,Cuyahoga,1212.0,191.0,7.89,292.0,12.06,156,8.84,180,10.2,181,9.26,9.87,99,5.07,2.93,,,,483.0,336
144,Cuyahoga,1213.0,286.0,7.73,467.0,12.63,243,10.68,249,10.94,231,9.61,4.16,280,11.65,4.85,,,,753.0,492
145,Cuyahoga,1214.01,215.0,8.66,301.0,12.13,163,9.36,180,10.33,137,6.27,8.76,328,15.02,5.2,,,,516.0,343
146,Cuyahoga,1214.03,305.0,7.95,454.0,11.84,287,10.13,309,10.91,240,8.31,6.91,267,9.25,3.47,,,,759.0,596
147,Cuyahoga,1215.0,262.0,7.29,384.0,10.68,291,9.84,250,8.45,300,8.71,5.36,434,12.59,5.27,,,,646.0,541
148,Cuyahoga,1217.0,272.0,6.6,393.0,9.53,280,7.43,276,7.33,285,7.23,4.83,397,10.07,4.17,,,,665.0,556
149,Cuyahoga,1218.0,136.0,6.85,189.0,9.52,125,7.37,156,9.2,77,4.73,11.1,118,7.25,8.83,,,,325.0,281
150,Cuyahoga,1219.0,113.0,6.86,175.0,10.63,109,7.74,143,10.16,77,6.35,14.38,132,10.89,6.15,,,,288.0,252
151,Cuyahoga,1221.0,178.92,4.92,312.8,8.6,238,7.42,228,7.11,210,6.07,5.6,303,8.76,3.96,,,,491.72,466
152,Cuyahoga,1222.0,153.02,6.74,259.07,11.41,153,8.35,171,9.33,126,7.01,7.88,289,16.07,7.55,,,,412.09000000000003,324
153,Cuyahoga,1223.0,142.09,6.46,196.3,8.92,142,7.44,163,8.54,298,13.94,8.01,144,6.74,4,,,,338.39,305
154,Cuyahoga,1231.0,121.0,4.6,452.0,17.19,127,5.14,379,15.33,149,5.68,6.95,302,11.51,3.44,,,,573.0,506
155,Cuyahoga,1232.0,147.0,4.75,600.0,19.4,176,5.89,480,16.07,165,5.3,5.89,512,16.45,3.91,,,,747.0,656
156,Cuyahoga,1234.0,191.0,4.86,583.0,14.82,256,6.98,499,13.62,289,7.35,4.08,529,13.46,3.51,,,,774.0,755
157,Cuyahoga,1235.01,354.0,8.54,772.0,18.62,316,9.08,532,15.28,179,4.86,3.92,699,18.97,4.93,,,,1126.0,848
158,Cuyahoga,1235.02,234.0,9.14,536.0,20.93,227,9.29,456,18.67,163,6.41,7.41,658,25.87,7.74,,,,770.0,683
159,Cuyahoga,1236.01,191.0,6.11,605.0,19.35,179,6.17,433,14.92,126,4.31,6.29,537,18.38,4.33,,,,796.0,612
160,Cuyahoga,1236.02,186.0,5.79,487.0,15.16,193,6.43,337,11.23,143,4.55,5.82,255,8.12,3.41,,,,673.0,530
161,Cuyahoga,1236.03,230.0,6.48,597.0,16.82,189,5.88,461,14.35,132,4.08,4.23,582,17.97,3.52,,,,827.0,650
162,Cuyahoga,1237.0,159.0,5.77,420.0,15.23,153,6.24,307,12.52,109,4.09,6.68,396,14.85,4.05,,,,579.0,460
163,Cuyahoga,1238.0,204.0,9.17,371.0,16.67,233,9.36,436,17.51,239,10.69,8.65,373,16.68,4.91,,,,575.0,669
164,Cuyahoga,1239.0,275.0,8.3,551.0,16.63,289,9.52,411,13.54,255,8.58,6.96,614,20.67,4.97,,,,826.0,700
165,Cuyahoga,1241.0,425.0,7.86,973.0,18.01,463,9.38,657,13.32,283,5.54,4.1,500,9.8,2.86,,,,1398.0,1120
166,Cuyahoga,1242.01,216.0,8.38,371.0,14.39,199,7.66,356,13.7,337,13.06,5.75,335,12.98,4.59,,,,587.0,555
167,Cuyahoga,1242.02,122.0,6.27,260.0,13.36,107,6.37,198,11.79,103,6.18,7.8,190,11.39,4.29,,,,382.0,305
168,Cuyahoga,1243.0,295.0,6.81,726.0,16.75,302,7.48,576,14.26,304,6.92,4.81,655,14.91,3.24,,,,1021.0,878
169,Cuyahoga,1245.0,224.0,6.26,602.0,16.82,279,8.07,442,12.79,125,3.44,4.93,678,18.63,4.37,,,,826.0,721
170,Cuyahoga,1246.0,358.0,8.33,730.0,16.98,356,8.97,525,13.22,371,9.6,4.71,553,14.3,3.59,,,,1088.0,881
171,Cuyahoga,1261.0,273.0,9.29,383.0,13.03,314,10.49,373,12.47,296,8.55,4.48,428,12.37,2.36,,,,656.0,687
172,Cuyahoga,1275.01,402.0,8.73,562.0,12.21,337,10.65,298,9.42,343,10.89,5.48,322,10.23,3.72,,,,964.0,635
173,Cuyahoga,1301.03,215.0,4.63,254.0,5.47,191,4.22,248,5.48,281,5.95,1.81,161,3.41,1.42,,,,469.0,439
174,Cuyahoga,1301.04,166.0,3.96,342.0,8.16,209,5,266,6.36,222,5.18,1.7,305,7.11,2.21,,,,508.0,475
175,Cuyahoga,1301.05,170.0,4.6,584.0,15.79,126,3.59,399,11.38,109,3.13,5.18,323,9.27,2.42,,,,754.0,525
176,Cuyahoga,1301.06,160.0,4.51,469.0,13.21,151,4.4,418,12.17,122,3.87,5.65,199,6.31,2.42,,,,629.0,569
177,Cuyahoga,1311.02,91.96,2.69,144.12,4.22,127,3.82,150,4.51,155,4.52,3.88,215,6.27,2.77,,,,236.07999999999998,277
178,Cuyahoga,1311.03,177.0,3.97,218.0,4.89,212,4.9,276,6.38,263,5.93,3.34,324,7.31,2.19,,,,395.0,488
179,Cuyahoga,1311.04,101.0,2.31,352.0,8.06,120,2.79,532,12.37,55,1.35,4.24,421,10.34,3.08,,,,453.0,652
180,Cuyahoga,1321.0,290.8,5.59,744.0,14.3,361,7.4,501,10.27,316,7.14,4.05,337,7.62,3.01,,,,1034.8,862
181,Cuyahoga,1322.0,222.0,7.05,417.0,13.25,215,7.21,363,12.18,244,6.78,4.29,385,10.7,4.51,,,,639.0,578
182,Cuyahoga,1323.01,291.01,8.03,686.01,18.92,232,7.06,505,15.36,210,6.37,4.55,636,19.3,5.56,,,,977.02,737
183,Cuyahoga,1323.02,173.0,7.73,389.0,17.37,164,8.49,255,13.21,135,7.17,7.76,177,9.39,4,,,,562.0,419
184,Cuyahoga,1331.03,226.87,6.65,465.68,13.65,264,8.03,350,10.64,199,6.62,5.08,507,16.87,5.19,,,,692.55,614
185,Cuyahoga,1331.04,333.0,11.87,575.0,20.5,297,11.1,386,14.42,389,13.39,5.74,485,16.69,5.21,,,,908.0,683
186,Cuyahoga,1341.0,69.0,5.19,186.0,13.98,162,10.25,238,15.06,192,12.16,5.57,176,11.15,5.15,,,,255.0,400
187,Cuyahoga,1342.03,124.98,5.92,292.83,13.86,176,5.75,520,16.98,303,11.14,6.41,515,18.94,3.37,,,,417.81,696
188,Cuyahoga,1342.04,432.0,9.5,579.0,12.74,602,13.74,538,12.28,455,10.48,3.72,555,12.78,3.47,,,,1011.0,1140
189,Cuyahoga,1342.05,208.0,6.9,290.0,9.62,187,6.92,296,10.95,126,4.15,4.35,374,12.32,4.29,,,,498.0,483
190,Cuyahoga,1342.06,228.0,7.06,385.99,11.95,214,7.22,397,13.4,145,4.67,5.69,518,16.69,4.36,,,,613.99,611
191,Cuyahoga,1343.0,2010.6,42.24,368.72,7.75,2072,47.05,266,6.04,1887,44.9,8.75,211,5.02,2.25,,,,2379.3199999999997,2338
192,Cuyahoga,1351.03,77.0,3.6,178.0,8.32,99,4.46,211,9.5,146,6.51,6.03,183,8.16,2.86,,,,255.0,310
193,Cuyahoga,1351.04,179.0,4.14,228.0,5.27,211,5.14,210,5.12,176,4.65,3.53,124,3.27,3.55,,,,407.0,421
194,Cuyahoga,1351.05,244.0,4.47,417.0,7.64,312,5.27,407,6.88,402,6.41,3.15,200,3.19,1.48,,,,661.0,719
195,Cuyahoga,1351.06,70.0,4.79,76.0,5.2,77,5.43,81,5.71,27,2.17,13.65,114,9.15,3.91,,,,146.0,158
196,Cuyahoga,1361.01,388.0,6.26,903.0,14.58,435,7.1,740,12.07,491,8.39,2.36,653,11.16,2.83,,,,1291.0,1175
197,Cuyahoga,1361.02,270.0,6.15,720.0,16.4,420,5.67,967,13.06,555,8.12,2.8,757,11.08,2.72,,,,990.0,1387
198,Cuyahoga,1361.03,271.0,5.04,369.0,6.86,368,6.28,388,6.62,258,4.31,2.78,680,11.36,2.76,,,,640.0,756
199,Cuyahoga,1371.01,171.0,6.96,350.0,14.25,248,9.98,341,13.72,241,10.1,6.54,427,17.9,6.92,,,,521.0,589
200,Cuyahoga,1371.02,379.0,8.08,604.0,12.88,337,7.56,575,12.91,431,9.34,3.58,536,11.61,3.5,,,,983.0,912
201,Cuyahoga,1371.03,315.0,7.09,629.0,14.16,299,7.07,500,11.82,169,4.07,4.48,511,12.3,2.37,,,,944.0,799
202,Cuyahoga,1381.05,174.83,9.09,317.88,16.52,119,8.93,182,13.66,104,7.45,3.84,221,15.83,5.81,,,,492.71000000000004,301
203,Cuyahoga,1381.06,306.0,8.55,469.0,13.11,312,9.28,397,11.8,309,8.88,6.82,482,13.86,4.23,,,,775.0,709
204,Cuyahoga,1381.07,147.0,6.63,243.0,10.97,147,7.1,220,10.62,39,1.99,8.77,288,14.66,4.51,,,,390.0,367
205,Cuyahoga,1381.08,325.0,7.42,485.0,11.08,299,7.49,370,9.26,452,10.84,4.51,250,6,2.42,,,,810.0,669
206,Cuyahoga,1381.09,267.0,5.84,512.0,11.19,296,7.02,389,9.23,298,6.76,2.42,376,8.53,2.33,,,,779.0,685
207,Cuyahoga,1381.1,299.0,6.58,504.0,11.08,281,6.63,426,10.06,247,6.09,3.85,449,11.06,2.93,,,,803.0,707
208,Cuyahoga,1401.0,141.72,7.79,186.55,10.26,111,7.22,145,9.43,47,2.87,10.62,130,7.94,4.35,,,,328.27,256
209,Cuyahoga,1403.01,240.0,8.68,347.0,12.55,199,8.73,248,10.88,366,15.31,10.26,286,11.97,7.28,,,,587.0,447
210,Cuyahoga,1403.02,159.0,6.23,301.0,11.79,133,5.64,293,12.43,139,5.11,5.67,474,17.42,5.29,,,,460.0,426
211,Cuyahoga,1404.0,256.0,7.69,536.0,16.09,213,7.06,418,13.85,245,7.46,4.73,436,13.27,3.38,,,,792.0,631
212,Cuyahoga,1405.0,249.0,6.67,630.0,16.87,262,7.92,429,12.96,238,7.12,6.17,458,13.7,3.94,,,,879.0,691
213,Cuyahoga,1406.0,202.0,13.83,203.0,13.89,109,8.74,163,13.07,248,16.88,11.34,216,14.7,6.1,,,,405.0,272
214,Cuyahoga,1407.01,318.0,9.93,428.0,13.36,248,9.43,349,13.27,158,6.25,5.71,340,13.44,4.96,,,,746.0,597
215,Cuyahoga,1407.02,194.0,9.67,283.0,14.11,191,10.63,270,15.03,185,10.13,10.37,256,14.01,5.2,,,,477.0,461
216,Cuyahoga,1408.0,243.99,6.51,439.96,11.74,233,6.5,508,14.17,268,6.72,4.91,647,16.22,3.8,,,,683.95,741
217,Cuyahoga,1409.0,179.0,7.87,252.56,11.1,184,9.6,237,12.37,192,9.28,9.6,279,13.49,5.16,,,,431.56,421
218,Cuyahoga,1410.0,295.24,19.19,365.19,23.74,216,16.68,284,21.93,186,15.84,15.81,304,25.89,7.89,,,,660.4300000000001,500
219,Cuyahoga,1411.0,767.0,18.75,1460.0,35.69,938,21.29,1562,35.45,869,20.77,6.74,1392,33.27,5.82,,,,2227.0,2500
220,Cuyahoga,1412.0,427.0,12.32,830.0,23.95,363,11.49,784,24.82,323,10.59,6.58,631,20.69,4.62,,,,1257.0,1147
221,Cuyahoga,1413.0,223.0,9.91,391.0,17.38,847,31.83,321,12.06,1231,44.39,9.67,348,12.55,5.6,,,,614.0,1168
222,Cuyahoga,1414.0,106.0,3.81,317.0,11.39,112,4.1,232,8.5,106,4.03,6.7,232,8.82,3,,,,423.0,344
223,Cuyahoga,1415.0,152.0,8.16,376.0,20.19,124,7.29,327,19.24,134,7.55,8.22,172,9.69,3.57,,,,528.0,451
224,Cuyahoga,1416.01,89.0,4.77,353.0,18.92,90,5.24,249,14.49,109,6.56,10.69,306,18.42,5.31,,,,442.0,339
225,Cuyahoga,1416.02,193.0,10.49,250.0,13.59,126,8.01,238,15.12,130,10.52,5.88,85,6.88,4.34,,,,443.0,364
226,Cuyahoga,1417.0,70.0,4.19,263.0,15.75,72,4.73,223,14.65,77,5.52,12.56,131,9.4,4.53,,,,333.0,295
227,Cuyahoga,1501.0,358.0,8.79,543.0,13.33,258,10.23,267,10.59,162,6.58,5.56,432,17.55,5.99,,,,901.0,525
228,Cuyahoga,1503.0,208.0,8.58,326.0,13.45,136,8.26,160,9.72,237,11.92,10.48,207,10.41,5.67,,,,534.0,296
229,Cuyahoga,1504.0,283.0,9.88,362.0,12.64,186,11.35,196,11.96,144,7.29,9.33,302,15.28,8.77,,,,645.0,382
230,Cuyahoga,1511.0,184.0,9.38,232.0,11.82,125,10.83,116,10.05,216,16.07,13.34,81,6.03,10,,,,416.0,241
231,Cuyahoga,1512.0,180.28,8.95,291.45,14.46,154,9.57,210,13.05,133,7.65,7.82,240,13.8,6.51,,,,471.73,364
232,Cuyahoga,1513.0,121.0,5.13,169.0,7.17,110,5.14,112,5.24,111,5.49,9.11,63,3.12,6.4,,,,290.0,222
233,Cuyahoga,1514.0,255.0,10.53,284.0,11.73,113,8.9,158,12.44,144,9.43,12.59,193,12.64,9.82,,,,539.0,271
234,Cuyahoga,1515.0,152.0,7.68,239.0,12.07,153,11.89,119,9.25,141,9.13,12,254,16.45,8.23,,,,391.0,272
235,Cuyahoga,1516.0,273.89,12.61,426.85,19.66,190,13.56,210,14.99,148,10.39,13.31,282,19.8,8.23,,,,700.74,400
236,Cuyahoga,1517.0,241.0,10.04,238.0,9.92,151,10.88,159,11.46,273,17.53,9.86,124,7.96,9.33,,,,479.0,310
237,Cuyahoga,1518.0,189.0,7.88,259.0,10.81,184,10.29,163,9.11,160,8.68,7.95,69,3.74,9.83,,,,448.0,347
238,Cuyahoga,1521.01,164.0,5.72,297.0,10.37,151,6.16,235,9.58,137,5.52,7.11,199,8.01,3.09,,,,461.0,386
239,Cuyahoga,1521.02,299.0,6.01,806.0,16.2,380,7.93,575,12,295,6.28,4.69,466,9.93,3.33,,,,1105.0,955
240,Cuyahoga,1522.01,384.0,11.18,647.0,18.84,364,10.92,477,14.31,273,8.85,3.64,554,17.95,4.84,,,,1031.0,841
241,Cuyahoga,1522.02,327.0,7.15,733.0,16.03,321,7.42,538,12.44,132,3.29,4.59,346,8.63,4.69,,,,1060.0,859
242,Cuyahoga,1523.01,236.0,8.99,570.0,21.71,318,11.7,436,16.04,293,10.94,6.01,457,17.06,6.44,,,,806.0,754
243,Cuyahoga,1523.02,227.0,5.24,656.0,15.13,333,7.86,523,12.34,441,9.81,4.07,559,12.43,3.17,,,,883.0,856
244,Cuyahoga,1523.03,261.0,6.55,554.0,13.91,248,6.62,404,10.78,328,8.92,4.5,437,11.88,4.21,,,,815.0,652
245,Cuyahoga,1524.0,134.0,6.52,304.0,14.8,158,8.02,216,10.97,227,10.89,9.25,203,9.74,3.84,,,,438.0,374
246,Cuyahoga,1525.01,196.0,5.23,492.0,13.13,271,7.5,391,10.82,174,4.85,4.24,228,6.36,2.61,,,,688.0,662
247,Cuyahoga,1525.02,179.0,6.79,444.0,16.83,206,8.02,332,12.92,221,9.04,8.12,304,12.44,5.55,,,,623.0,538
248,Cuyahoga,1526.03,118.0,9.01,156.0,11.91,104,9.77,134,12.58,109,10.24,17.11,118,11.09,6.41,,,,274.0,238
249,Cuyahoga,1526.04,265.05,5.67,525.72,11.25,247,5.62,394,8.97,237,5.26,4.78,658,14.61,4.42,,,,790.77,641
250,Cuyahoga,1527.01,73.0,2.92,106.0,4.24,65,2.88,92,4.08,33,1.46,7.65,28,1.24,7.59,,,,179.0,157
251,Cuyahoga,1527.02,197.0,7.21,311.0,11.38,218,8.79,265,10.69,147,5.74,7.22,292,11.4,5.03,,,,508.0,483
252,Cuyahoga,1527.03,123.74,6.41,285.64,14.8,91,5.38,205,12.12,158,9.17,10.71,240,13.93,5.01,,,,409.38,296
253,Cuyahoga,1531.03,166.0,6.2,265.0,9.9,142,5.61,279,11.01,122,4.55,6.64,436,16.26,3.75,,,,431.0,421
254,Cuyahoga,1531.04,181.94,5.74,424.78,13.39,203,6.48,470,15,156,5.47,6.35,635,22.27,4.05,,,,606.72,673
255,Cuyahoga,1531.05,254.0,6.43,704.0,17.81,271,7.06,630,16.4,162,4.59,3.97,528,14.94,3.48,,,,958.0,901
256,Cuyahoga,1531.06,210.0,5.35,428.0,10.91,257,6.94,446,12.04,286,7.35,3.8,507,13.02,3.18,,,,638.0,703
257,Cuyahoga,1531.07,196.56,5.12,424.42,11.06,191,5.29,371,10.27,273,6.94,3.84,423,10.75,3.3,,,,620.98,562
258,Cuyahoga,1541.0,189.0,8.06,361.0,15.39,196,8.99,293,13.45,139,7.28,9.6,277,14.51,5.31,,,,550.0,489
259,Cuyahoga,1542.0,147.0,8.79,293.0,17.51,143,9.4,212,13.94,208,12.36,11.66,231,13.73,6.46,,,,440.0,355
260,Cuyahoga,1543.0,98.0,7.14,139.0,10.13,92,8.48,106,9.77,22,2.6,20.09,66,7.79,15.71,,,,237.0,198
261,Cuyahoga,1544.0,287.0,8.85,490.0,15.11,250,8.74,368,12.86,193,6.84,6.74,326,11.55,4.19,,,,777.0,618
262,Cuyahoga,1545.01,242.0,6.25,499.0,12.88,264,7.22,421,11.52,336,8.2,4.35,385,9.39,2.58,,,,741.0,685
263,Cuyahoga,1545.02,238.0,7.7,343.0,11.1,330,10.58,387,12.4,357,12.23,5.11,215,7.37,3.19,,,,581.0,717
264,Cuyahoga,1546.01,305.9,6.46,623.14,13.16,391,8.34,563,12.01,236,5.31,4.39,447,10.06,3.53,,,,929.04,954
265,Cuyahoga,1546.03,228.0,7.03,477.0,14.71,232,7.48,362,11.67,240,6.87,2.8,375,10.74,2.93,,,,705.0,594
266,Cuyahoga,1546.04,269.0,6.46,560.0,13.46,317,7.83,523,12.92,311,7.65,3.65,529,13.02,2.93,,,,829.0,840
267,Cuyahoga,1547.0,231.98,7.73,368.93,12.29,232,8.97,247,9.55,198,7.12,5.58,380,13.67,4.41,,,,600.91,479
268,Cuyahoga,1551.01,298.72,6.3,286.74,6.05,321,6.1,309,5.87,317,6.21,2.84,344,6.74,2.14,,,,585.46,630
269,Cuyahoga,1551.02,192.33,5.73,192.9,5.75,195,6.32,239,7.75,177,5.64,2.19,312,9.93,3.36,,,,385.23,434
270,Cuyahoga,1561.01,84.89,5.99,115.87,8.17,99,7.06,108,7.7,142,11.02,4.82,86,6.68,3.29,,,,200.76,207
271,Cuyahoga,1561.02,343.0,6.03,385.0,6.77,335,5.85,378,6.6,392,6.77,3.73,299,5.16,1.94,,,,728.0,713
272,Cuyahoga,1601.0,135.0,6.38,268.0,12.66,127,6.46,256,13.02,169,8.3,6.93,294,14.45,5.94,,,,403.0,383
273,Cuyahoga,1602.0,231.0,9.56,546.0,22.6,258,11.14,596,25.72,238,11.16,6.94,477,22.37,6.22,,,,777.0,854
274,Cuyahoga,1603.0,192.0,8.92,477.0,22.17,217,10.73,364,17.99,217,10.71,9.85,447,22.05,8.55,,,,669.0,581
275,Cuyahoga,1604.0,352.0,9.47,791.0,21.27,338,9.95,659,19.4,283,8.44,5.02,813,24.23,5.07,,,,1143.0,997
276,Cuyahoga,1605.0,263.0,6.21,481.0,11.36,257,6.83,473,12.57,328,9.12,4.91,437,12.15,3.56,,,,744.0,730
277,Cuyahoga,1606.01,414.0,7.98,1294.0,24.96,386,7.77,1246,25.09,521,10.95,5.12,996,20.94,4.45,,,,1708.0,1632
278,Cuyahoga,1606.02,628.0,17.84,808.0,22.95,371,12.61,689,23.42,288,8.7,6.11,792,23.93,4.62,,,,1436.0,1060
279,Cuyahoga,1607.0,244.0,14.31,515.0,30.21,238,14.64,545,33.52,306,19.82,10.3,358,23.19,7.25,,,,759.0,783
280,Cuyahoga,1608.0,114.0,10.03,279.0,24.54,96,9.81,256,26.15,127,11.67,16.81,346,31.8,6.7,,,,393.0,352
281,Cuyahoga,1609.0,363.0,9.25,828.0,21.1,340,9.28,734,20.04,366,10.29,4.9,739,20.77,5.18,,,,1191.0,1074
282,Cuyahoga,1610.0,216.0,10.1,454.0,21.23,186,10.24,384,21.15,321,16.12,10.29,440,22.1,6.82,,,,670.0,570
283,Cuyahoga,1611.0,337.0,8.37,866.0,21.5,340,9.04,722,19.19,447,10.89,4.39,667,16.25,4.04,,,,1203.0,1062
284,Cuyahoga,1612.0,291.0,9.27,686.0,21.86,223,7.42,613,20.41,351,10.89,3.99,715,22.18,4.47,,,,977.0,836
285,Cuyahoga,1613.0,253.0,8,607.0,19.2,249,8.37,582,19.56,180,6.18,4.76,530,18.19,4.17,,,,860.0,831
286,Cuyahoga,1614.0,354.0,9.17,753.0,19.5,319,9.1,676,19.29,478,12.6,5.33,815,21.48,5.03,,,,1107.0,995
287,Cuyahoga,1615.0,437.0,9.95,970.0,22.09,403,10.12,821,20.62,572,14.02,5.42,693,16.99,3.72,,,,1407.0,1224
288,Cuyahoga,1616.0,183.0,8.03,374.0,16.42,245,11.5,284,13.33,155,7.43,6.85,398,19.08,6.07,,,,557.0,529
289,Cuyahoga,1617.0,241.0,10.87,454.0,20.48,230,10.62,393,18.14,121,5.82,8.69,442,21.27,6.33,,,,695.0,623
290,Cuyahoga,1618.0,139.0,10.51,277.0,20.95,139,12.11,205,17.86,54,5.39,17.26,225,22.46,9.09,,,,416.0,344
291,Cuyahoga,1701.01,140.77,4.47,401.33,12.75,170,5.89,411,14.25,85,3.16,6.53,269,9.99,3.09,,,,542.1,581
292,Cuyahoga,1701.02,280.0,5.23,702.0,13.1,273,5.51,766,15.45,447,8.93,3.65,631,12.61,3.44,,,,982.0,1039
293,Cuyahoga,1702.01,97.98,3.46,264.97,9.35,102,4.51,226,10,91,4.06,7.91,193,8.62,3.83,,,,362.95000000000005,328
294,Cuyahoga,1702.02,197.95,5.01,436.93,11.07,173,4.44,508,13.03,328,7.8,4.41,315,7.49,2.47,,,,634.88,681
295,Cuyahoga,1711.02,387.2,6.86,716.0,12.68,407,8.05,587,11.61,309,6.07,3.6,576,11.31,3.76,,,,1103.2,994
296,Cuyahoga,1711.03,323.83,7.48,565.9,13.07,336,8.8,437,11.44,389,10.71,3.75,326,8.98,3.4,,,,889.73,773
297,Cuyahoga,1711.04,373.9,7.07,642.57,12.15,447,9.76,489,10.68,480,10.33,3.55,459,9.88,3.38,,,,1016.47,936
298,Cuyahoga,1712.03,179.1,6.07,476.86,16.17,211,8.04,337,12.84,179,6.11,5.26,394,13.45,4.12,,,,655.96,548
299,Cuyahoga,1712.04,142.98,6.25,302.98,13.24,166,8.09,239,11.64,149,7.26,9.47,219,10.68,8.7,,,,445.96000000000004,405
300,Cuyahoga,1712.05,190.0,6.52,464.01,15.92,193,7.63,286,11.3,126,5.03,5.53,293,11.7,4.26,,,,654.01,479
301,Cuyahoga,1712.06,163.37,6.1,360.26,13.45,153,6.17,297,11.99,176,6.47,7.03,336,12.36,3.96,,,,523.63,450
302,Cuyahoga,1721.01,166.0,6.07,373.0,13.65,164,6.25,342,13.03,211,8.43,7.3,294,11.75,3.49,,,,539.0,506
303,Cuyahoga,1721.02,301.0,7.82,602.0,15.64,261,6.9,596,15.76,292,7.83,2.92,668,17.9,3.15,,,,903.0,857
304,Cuyahoga,1721.03,336.0,7,771.0,16.07,347,7.06,1043,21.23,386,7.25,4.36,1240,23.3,4.53,,,,1107.0,1390
305,Cuyahoga,1722.01,203.05,5.28,460.07,11.97,255,6.86,464,12.48,209,5.47,6.12,645,16.88,3.87,,,,663.12,719
306,Cuyahoga,1722.02,281.0,6.75,667.0,16.01,340,8.26,642,15.6,316,8.47,3.42,570,15.27,4.96,,,,948.0,982
307,Cuyahoga,1731.03,159.0,5.69,241.0,8.62,165,5.94,214,7.7,190,6.93,5.32,257,9.37,3.37,,,,400.0,379
308,Cuyahoga,1731.04,265.97,6.81,523.95,13.42,264,5.64,607,12.97,241,5.66,2.36,438,10.29,2.76,,,,789.9200000000001,871
309,Cuyahoga,1731.05,167.0,6.42,185.0,7.11,135,5.54,173,7.1,207,8.26,5.76,117,4.67,2.27,,,,352.0,308
310,Cuyahoga,1731.06,388.0,11.15,683.0,19.62,334,9.44,728,20.56,225,6.22,4.17,922,25.48,4.93,,,,1071.0,1062
311,Cuyahoga,1731.07,154.43,5.59,301.34,10.91,164,6.54,229,9.13,194,7.25,5.38,258,9.64,3.01,,,,455.77,393
312,Cuyahoga,1741.03,244.0,7.7,262.0,8.26,206,6.79,267,8.79,321,10.1,3.21,385,12.11,3.55,,,,506.0,473
313,Cuyahoga,1741.04,146.0,5.62,185.0,7.12,198,7.89,191,7.61,124,5.07,5.4,182,7.43,2.93,,,,331.0,389
314,Cuyahoga,1741.05,196.0,6.11,278.0,8.67,197,6.51,275,9.09,138,4.32,4.12,308,9.65,2.82,,,,474.0,472
315,Cuyahoga,1741.06,296.0,8.61,438.0,12.74,251,7.83,425,13.26,264,8.07,2.48,389,11.89,3.81,,,,734.0,676
316,Cuyahoga,1741.07,224.0,5.66,474.0,11.98,230,6.04,412,10.82,248,6.57,3.74,389,10.31,2.86,,,,698.0,642
317,Cuyahoga,1742.03,200.05,6.16,249.21,7.67,215,7.18,196,6.55,199,6.25,4.61,182,5.72,2.4,,,,449.26,411
318,Cuyahoga,1742.04,283.43,6.98,400.71,9.87,279,7.41,385,10.22,217,5.81,2.31,385,10.3,2.83,,,,684.14,664
319,Cuyahoga,1742.05,398.0,8.96,772.0,17.38,518,11.4,793,17.46,383,8.57,4.96,1025,22.93,5.35,,,,1170.0,1311
320,Cuyahoga,1742.06,267.0,11.02,424.0,17.5,205,8.52,415,17.24,159,7.95,9.22,273,13.66,4.83,,,,691.0,620
321,Cuyahoga,1742.07,235.0,6.58,453.0,12.68,232,6.78,424,12.39,218,6.16,2.08,409,11.55,2.95,,,,688.0,656
322,Cuyahoga,1751.03,421.0,7.59,709.0,12.78,482,7.19,1212,18.08,627,10.18,3.46,989,16.06,3.91,,,,1130.0,1694
323,Cuyahoga,1751.04,523.0,9.3,937.0,16.66,534,8.85,944,15.64,606,10.76,2.9,777,13.8,3.33,,,,1460.0,1478
324,Cuyahoga,1751.05,365.0,6.97,392.0,7.49,358,7.53,378,7.95,385,7.64,2.44,500,9.92,2.95,,,,757.0,736
325,Cuyahoga,1751.06,246.0,7.18,273.0,7.97,231,7.28,219,6.9,254,7.69,5.52,309,9.36,3.49,,,,519.0,450
326,Cuyahoga,1752.01,450.0,7.59,805.0,13.57,481,7.33,732,11.16,710,10.44,3.03,472,6.94,1.98,,,,1255.0,1213
327,Cuyahoga,1752.02,204.0,7.06,368.0,12.74,241,7.5,332,10.33,223,7.35,4.77,334,11.01,3,,,,572.0,573
328,Cuyahoga,1761.0,136.0,5.6,198.0,8.15,157,7.08,186,8.39,172,7.92,8.29,127,5.85,2.89,,,,334.0,343
329,Cuyahoga,1762.0,346.02,6.89,785.06,15.63,404,7.02,695,12.07,406,7.29,3.16,588,10.56,3.04,,,,1131.08,1099
330,Cuyahoga,1771.01,473.0,9.96,778.0,16.38,459,10.92,614,14.61,633,14.26,6.35,348,7.84,3.12,,,,1251.0,1073
331,Cuyahoga,1771.03,438.0,10.31,751.0,17.68,506,12.37,562,13.73,469,11.38,3.42,602,14.61,3.72,,,,1189.0,1068
332,Cuyahoga,1771.04,249.0,6.6,583.0,15.45,307,8.34,513,13.94,313,8.92,4.26,498,14.2,3.47,,,,832.0,820
333,Cuyahoga,1772.01,248.0,6.18,638.0,15.91,330,8.44,587,15.02,207,5.52,2.65,677,18.05,3.29,,,,886.0,917
334,Cuyahoga,1772.02,220.0,6.29,610.0,17.44,276,8.21,519,15.44,314,8.67,4.83,437,12.06,3.48,,,,830.0,795
335,Cuyahoga,1773.02,197.37,6.94,355.86,12.51,202,7.82,318,12.32,167,6.34,5.13,303,11.5,3.73,,,,553.23,520
336,Cuyahoga,1773.03,346.0,6.72,830.0,16.12,394,7.9,752,15.08,317,7.1,1.99,679,15.2,3.49,,,,1176.0,1146
337,Cuyahoga,1773.04,275.97,7.84,675.28,19.19,392,10.89,600,16.66,258,6.98,2.42,635,17.19,4.79,,,,951.25,992
338,Cuyahoga,1774.03,214.0,6.62,539.0,16.66,244,7.79,478,15.26,198,6.15,4.22,487,15.14,3.24,,,,753.0,722
339,Cuyahoga,1774.04,187.0,6.47,443.0,15.33,201,6.99,477,16.59,210,7.29,5.04,415,14.4,3.29,,,,630.0,678
340,Cuyahoga,1774.05,336.0,6.95,704.0,14.57,425,9.31,640,14.03,391,8.86,2.5,584,13.24,3.24,,,,1040.0,1065
341,Cuyahoga,1774.06,281.0,6.52,674.0,15.63,334,8.23,593,14.62,359,9.01,3.24,517,12.97,3.29,,,,955.0,927
342,Cuyahoga,1775.01,215.0,4.98,563.0,13.05,285,6.74,576,13.63,135,3.18,4.24,671,15.82,2.91,,,,778.0,861
343,Cuyahoga,1775.03,272.07,6.57,369.11,8.91,248,6.86,305,8.43,366,8.9,3.83,263,6.39,2.52,,,,641.1800000000001,553
344,Cuyahoga,1775.04,253.0,5.84,499.0,11.52,273,6.75,490,12.11,382,8.92,2.28,466,10.88,2.81,,,,752.0,763
345,Cuyahoga,1775.05,345.0,7.07,455.0,9.33,384,8.26,388,8.35,502,10.61,2.48,353,7.46,2.02,,,,800.0,772
346,Cuyahoga,1776.04,106.0,4.9,245.0,11.32,159,7.59,257,12.27,95,4.83,8.86,258,13.13,3.9,,,,351.0,416
347,Cuyahoga,1776.05,199.0,6.6,276.0,9.15,157,5.78,295,10.86,140,4.64,4.52,439,14.55,4.05,,,,475.0,452
348,Cuyahoga,1776.06,293.49,7.56,382.62,9.86,312,8.2,415,10.91,221,6.29,3.97,288,8.2,2.68,,,,676.11,727
349,Cuyahoga,1776.07,367.0,9.11,572.0,14.2,380,10.14,364,9.71,437,11.83,3.43,386,10.45,3.32,,,,939.0,744
350,Cuyahoga,1776.08,390.0,6.76,660.0,11.45,557,10.03,706,12.72,366,6.74,4.11,735,13.53,3.55,,,,1050.0,1263
351,Cuyahoga,1776.09,98.0,4.82,180.0,8.85,123,5.83,146,6.93,160,7.37,8.56,97,4.47,6.11,,,,278.0,269
352,Cuyahoga,1781.01,191.0,6.34,350.0,11.61,191,6.42,364,12.23,327,10.14,6.5,302,9.37,2.97,,,,541.0,555
353,Cuyahoga,1781.02,422.0,9.43,780.0,17.43,373,8.63,752,17.4,373,8.31,3.72,860,19.17,4.43,,,,1202.0,1125
354,Cuyahoga,1782.01,195.0,5.27,480.0,12.98,272,7.67,444,12.52,150,4.39,4.15,471,13.78,4.3,,,,675.0,716
355,Cuyahoga,1782.04,387.51,7.74,612.38,12.23,537,11.56,544,11.71,475,10.57,3.8,984,21.91,5.32,,,,999.89,1081
356,Cuyahoga,1782.05,149.0,6.35,241.0,10.27,133,5.85,261,11.49,167,7.5,8.29,355,15.95,4.69,,,,390.0,394
357,Cuyahoga,1782.06,214.0,6.88,378.0,12.15,184,6.22,383,12.95,85,2.89,5.95,420,14.3,3.17,,,,592.0,567
358,Cuyahoga,1791.01,202.5,6.42,151.75,4.81,268,8.63,144,4.64,420,12.63,13.9,208,6.26,2.78,,,,354.25,412
359,Cuyahoga,1791.02,90.0,3.11,116.0,4.01,113,3.93,102,3.55,110,4.19,6.67,165,6.28,2.83,,,,206.0,215
360,Cuyahoga,1801.02,214.04,5.42,355.22,9,208,5.3,307,7.82,203,5.9,4.16,388,11.29,3.66,,,,569.26,515
361,Cuyahoga,1801.03,177.22,5.08,311.64,8.94,251,6.95,292,8.09,274,8.11,5.66,247,7.31,3,,,,488.86,543
362,Cuyahoga,1801.04,452.28,12.72,830.26,23.35,386,12.82,545,18.11,360,9.59,4.66,733,19.52,5.17,,,,1282.54,931
363,Cuyahoga,1811.0,245.0,3.65,731.0,10.88,300,4.4,563,8.26,369,5.45,3.37,652,9.63,2.53,,,,976.0,863
364,Cuyahoga,1812.01,286.0,5,595.0,10.41,269,5.01,483,8.99,221,4.09,3.56,511,9.45,3.02,,,,881.0,752
365,Cuyahoga,1812.03,128.0,3.96,457.0,14.14,154,4.99,357,11.56,155,4.95,4.24,368,11.76,3.05,,,,585.0,511
366,Cuyahoga,1812.04,231.44,4.56,560.58,11.03,256,5.18,514,10.4,504,10.32,4.88,432,8.84,3.05,,,,792.02,770
367,Cuyahoga,1821.03,121.03,4.57,245.71,9.28,123,4.86,241,9.51,107,4.23,5.22,217,8.57,3.18,,,,366.74,364
368,Cuyahoga,1821.04,150.56,5.42,250.03,9,147,5.6,232,8.83,255,9.49,5.37,141,5.25,2.76,,,,400.59000000000003,379
369,Cuyahoga,1821.05,184.05,5.32,327.06,9.46,225,6.58,290,8.48,189,5.6,4.19,204,6.04,2.57,,,,511.11,515
370,Cuyahoga,1821.06,174.95,5.41,287.94,8.9,196,6.07,263,8.15,223,6.96,4.57,163,5.09,2.1,,,,462.89,459
371,Cuyahoga,1831.0,253.0,8.33,572.0,18.82,188,6.25,556,18.48,240,7.07,5.82,641,18.88,4.31,,,,825.0,744
372,Cuyahoga,1832.0,98.55,3.85,115.21,4.5,114,4.6,101,4.08,65,2.88,7.66,88,3.9,2.14,,,,213.76,215
373,Cuyahoga,1833.0,179.0,4.04,228.0,5.14,243,5.44,210,4.7,182,4,3.05,145,3.19,1.34,,,,407.0,453
374,Cuyahoga,1834.01,97.0,4.28,196.0,8.66,94,4.35,219,10.13,79,3.57,7.83,223,10.08,3.32,,,,293.0,313
375,Cuyahoga,1834.02,83.0,4.63,232.0,12.93,113,7.6,155,10.43,170,10.6,9.55,70,4.36,2.83,,,,315.0,268
376,Cuyahoga,1835.01,133.26,4.84,395.48,14.36,150,5.53,309,11.39,162,6.16,6.94,332,12.63,4.13,,,,528.74,459
377,Cuyahoga,1835.02,171.0,4.42,498.0,12.88,164,4.48,326,8.91,268,7.02,4.05,633,16.59,3.64,,,,669.0,490
378,Cuyahoga,1836.03,132.27,7.51,176.28,10.01,143,8.9,164,10.21,148,10.58,13.2,197,14.08,6.11,,,,308.55,307
379,Cuyahoga,1836.04,200.0,7.32,341.0,12.47,203,8.16,258,10.37,221,8.04,7.55,408,14.85,4.68,,,,541.0,461
380,Cuyahoga,1836.05,127.55,4.79,363.36,13.66,146,5.25,312,11.22,163,6.7,7.64,252,10.36,3.39,,,,490.91,458
381,Cuyahoga,1836.06,85.0,5.49,311.0,20.1,87,5.43,214,13.35,126,8.91,13.35,184,13.01,6.63,,,,396.0,301
382,Cuyahoga,1841.03,206.0,4.73,258.0,5.92,184,4.53,228,5.61,159,3.98,4.49,338,8.45,2.34,,,,464.0,412
383,Cuyahoga,1841.04,69.0,4.7,145.0,9.88,81,4.43,112,6.13,52,3.39,11.54,102,6.65,8.33,,,,214.0,193
384,Cuyahoga,1841.05,265.0,5.33,423.0,8.5,271,5.75,349,7.41,301,6.18,3,374,7.67,2.29,,,,688.0,620
385,Cuyahoga,1841.06,110.0,4.81,231.0,10.1,138,6.03,206,9,131,5.66,7.69,243,10.51,3.32,,,,341.0,344
386,Cuyahoga,1841.08,291.0,5.16,430.0,7.62,412,5.54,421,5.66,428,5.82,2.36,409,5.57,2.08,,,,721.0,833
387,Cuyahoga,1851.01,193.0,6.28,363.0,11.82,238,8.41,281,9.93,210,8.04,5.73,273,10.45,4.52,,,,556.0,519
388,Cuyahoga,1851.02,133.0,4.86,447.0,16.34,176,6.53,364,13.5,137,5.18,2.53,365,13.79,4.87,,,,580.0,540
389,Cuyahoga,1851.03,199.0,7.87,407.0,16.1,166,7.16,342,14.76,298,12.16,6.86,231,9.43,2.81,,,,606.0,508
390,Cuyahoga,1851.04,224.85,5.71,373.55,9.49,216,5.54,407,10.43,240,6.42,3.91,490,13.1,3.17,,,,598.4,623
391,Cuyahoga,1852.01,128.73,7.35,209.13,11.95,118,7.81,159,10.52,126,8.74,12.61,196,13.6,8.35,,,,337.86,277
392,Cuyahoga,1852.02,351.0,6.64,820.0,15.51,469,9.09,735,14.25,250,4.73,4.12,1072,20.28,3.84,,,,1171.0,1204
393,Cuyahoga,1852.03,330.02,7.81,580.03,13.73,862,22.21,403,10.38,833,20.08,8.27,387,9.33,2.56,,,,910.05,1265
394,Cuyahoga,1861.03,163.0,4.63,333.0,9.47,218,4.99,300,6.87,192,4.32,3.08,309,6.96,2.11,,,,496.0,518
395,Cuyahoga,1861.04,156.0,5.6,269.0,9.66,206,7.64,235,8.71,194,8.17,3.44,89,3.75,5.4,,,,425.0,441
396,Cuyahoga,1861.05,204.0,5.41,376.0,9.97,183,5.19,291,8.25,191,5.38,3.91,348,9.8,2.47,,,,580.0,474
397,Cuyahoga,1861.06,454.0,10.64,835.0,19.58,435,9.75,814,18.25,466,9.91,4.48,901,19.17,4.15,,,,1289.0,1249
398,Cuyahoga,1861.07,286.0,4.69,530.0,8.68,360,5.86,419,6.82,501,8.14,2.07,366,5.95,2.06,,,,816.0,779
399,Cuyahoga,1862.01,396.0,6.9,689.0,12.01,387,6.79,622,10.91,388,6.97,3.13,587,10.55,3.2,,,,1085.0,1009
400,Cuyahoga,1862.02,379.0,7.42,343.0,6.71,308,6.65,333,7.18,412,8.8,2.39,292,6.24,2.25,,,,722.0,641
401,Cuyahoga,1862.03,263.0,6.58,317.0,7.93,266,6.93,318,8.28,287,7.68,2.18,326,8.72,2.42,,,,580.0,584
402,Cuyahoga,1862.05,322.0,5.94,536.0,9.89,319,6.21,409,7.96,416,8.16,2.22,323,6.34,2.04,,,,858.0,728
403,Cuyahoga,1862.06,115.0,3.65,389.0,12.34,207,4.89,273,6.45,140,3.45,4.39,236,5.82,1.8,,,,504.0,480
404,Cuyahoga,1871.03,258.28,8.25,543.34,17.36,270,9.49,468,16.46,240,8.99,7.73,437,16.37,4.76,,,,801.62,738
405,Cuyahoga,1871.04,206.45,5.83,641.79,18.12,233,7.02,545,16.41,202,6.05,5.6,524,15.7,4.41,,,,848.24,778
406,Cuyahoga,1871.05,2028.0,49.9,315.0,7.75,286,13.14,265,12.18,1472,42.7,13.12,317,9.2,2.42,,,,2343.0,551
407,Cuyahoga,1871.06,177.0,5.23,588.0,17.37,1875,36.07,628,12.08,879,21.34,5.59,529,12.84,3.12,,,,765.0,2503
408,Cuyahoga,1881.03,272.54,6.98,389.83,9.99,258,7.89,287,8.78,278,9.05,4.97,228,7.42,3.4,,,,662.37,545
409,Cuyahoga,1881.04,115.33,5.14,257.55,11.49,160,8.43,209,11.02,207,10.48,7.99,198,10.03,4.99,,,,372.88,369
410,Cuyahoga,1881.05,290.04,8.27,472.13,13.46,305,9.42,348,10.75,466,14.77,4.89,236,7.48,3.31,,,,762.1700000000001,653
411,Cuyahoga,1881.06,233.0,8.33,391.0,13.97,261,10.58,314,12.73,351,12.84,5.03,448,16.39,5.09,,,,624.0,575
412,Cuyahoga,1881.07,277.04,10.89,486.29,19.12,307,11.99,428,16.71,282,10.29,7.36,469,17.12,6.11,,,,763.33,735
413,Cuyahoga,1891.05,221.0,5.33,358.0,8.63,231,5.68,362,8.9,156,3.87,3.35,334,8.3,2.38,,,,579.0,593
414,Cuyahoga,1891.07,273.06,5.22,463.22,8.85,312,6.17,400,7.91,312,6.5,3.82,437,9.11,3.03,,,,736.28,712
415,Cuyahoga,1891.08,182.0,3.77,326.0,6.76,229,4.48,333,6.51,266,4.93,1.81,249,4.62,1.61,,,,508.0,562
416,Cuyahoga,1891.09,211.0,5.82,420.0,11.59,205,5.96,322,9.37,195,5.76,5.47,479,14.14,3.82,,,,631.0,527
417,Cuyahoga,1891.1,319.0,8.14,1051.0,26.82,315,7.29,987,22.84,490,11.2,4.82,897,20.5,4.54,,,,1370.0,1302
418,Cuyahoga,1891.11,347.0,5.61,607.0,9.81,374,5.49,721,10.58,314,5.1,3.19,713,11.59,2.72,,,,954.0,1095
419,Cuyahoga,1891.12,233.0,6.15,281.0,7.42,202,5.16,231,5.9,200,4.74,1.62,271,6.43,1.92,,,,514.0,433
420,Cuyahoga,1905.02,55.0,2.07,102.11,3.84,60,2.54,69,2.92,29,1.27,7.44,31,1.35,7.48,,,,157.11,129
421,Cuyahoga,1905.03,156.0,7.94,139.0,7.08,137,7.78,153,8.69,150,7.85,9.63,192,10.05,7.57,,,,295.0,290
422,Cuyahoga,1905.04,464.53,7.22,934.07,14.53,622,5.96,1371,13.13,510,5.23,1.25,1178,12.09,1.83,,,,1398.6,1993
423,Cuyahoga,1923.0,85.0,5.46,138.0,8.86,116,7.52,132,8.55,136,9.1,2.15,95,6.36,1.92,,,,223.0,248
424,Cuyahoga,1928.0,46.0,3.44,123.0,9.2,47,3.93,89,7.44,27,1.97,12.33,131,9.57,2.7,,,,169.0,136
425,Cuyahoga,1929.0,166.11,7.62,153.13,7.02,135,6.64,139,6.83,121,6.22,1.37,131,6.73,1.48,,,,319.24,274
426,Cuyahoga,1938.0,93.99,10.38,127.0,14.02,69,6.72,112,10.91,83,9.57,19.82,152,17.53,4.92,,,,220.99,181
427,Cuyahoga,1939.0,161.75,9.34,187.27,10.81,192,15.47,135,10.88,105,6.57,10.37,141,8.82,3.03,,,,349.02,327
428,Cuyahoga,1941.0,138.63,5.75,151.74,6.29,108,4.73,132,5.79,166,7.35,7.88,81,3.59,1.51,,,,290.37,240
429,Cuyahoga,1943.0,193.3,5.64,310.49,9.07,203,5.87,313,9.05,204,5.95,2.01,260,7.59,2.66,,,,503.79,516
430,Cuyahoga,1945.0,120.7,4.82,121.5,4.85,135,5.95,130,5.73,98,4.51,5.75,139,6.4,2.23,,,,242.2,265
431,Cuyahoga,1948.0,99.5,12.06,143.25,17.36,82,9.28,119,13.46,33,3.58,13.07,176,19.11,5.09,,,,242.75,201
432,Cuyahoga,1949.0,109.96,3.39,161.71,4.99,174,5.24,193,5.81,153,4.66,4.33,111,3.38,1.95,,,,271.67,367
433,Cuyahoga,1956.0,418.0,8.11,549.0,10.65,370,7.73,524,10.95,459,9.4,3.17,310,6.35,2.29,,,,967.0,894
434,Cuyahoga,1957.0,293.0,7.12,422.0,10.25,320,6.97,458,9.98,301,6.68,3.64,503,11.17,3.02,,,,715.0,778
435,Cuyahoga,1958.0,160.0,3.98,204.0,5.07,173,4.45,183,4.71,240,6.04,3.68,157,3.95,1.58,,,,364.0,356
436,Cuyahoga,1959.0,144.0,3.46,481.0,11.57,179,4.23,275,6.5,104,2.48,4.23,429,10.23,3.04,,,,625.0,454
437,Cuyahoga,1960.0,90.88,4.97,150.97,8.25,89,5.29,116,6.9,47,2.83,10.4,35,2.11,10.61,,,,241.85,205
438,Cuyahoga,1961.0,253.91,8.5,432.83,14.49,244,8.7,365,13.01,201,7.57,5.26,411,15.48,3.32,,,,686.74,609
439,Cuyahoga,1962.0,411.0,9.56,749.0,17.43,364,11.1,449,13.7,449,11.25,5,522,13.08,3.77,,,,1160.0,813
440,Cuyahoga,1963.0,168.0,4.32,183.0,4.71,172,4.4,150,3.84,137,3.59,1.49,215,5.64,2.59,,,,351.0,322
441,Cuyahoga,1964.0,247.0,7.96,375.0,12.09,236,8.66,330,12.11,122,4.66,5.15,362,13.83,5.33,,,,622.0,566
442,Cuyahoga,1965.0,180.0,8.58,220.0,10.48,153,9.16,151,9.04,85,4.69,9.79,273,15.07,6.82,,,,400.0,304
443,Cuyahoga,9801.0,1.56,10.1,2.33,15.08,0,0,0,0,0,null,null,0,null,null,,,,3.89,0
444,Cuyahoga,9805.0,0.17,24.64,0.12,17.39,0,null,0,null,0,null,null,0,null,null,,,,0.29000000000000004,0
445,Cuyahoga,9811.0,0.0,null,0.0,null,0,null,0,null,0,null,null,0,null,null,,,,0.0,0
